Date,Open,High,Low,Close,AdjClose,Volume
3/1/2017,15400,15525,15400,15500,14676.91895,20441800
3/2/2017,15650,15675,15475,15500,14676.91895,15661900
3/3/2017,15450,15550,15425,15475,14653.24609,17690800
3/6/2017,15400,15475,15350,15475,14653.24609,8932300
3/7/2017,15400,15500,15400,15450,14629.57422,10516400
3/8/2017,15500,15525,15450,15500,14676.91895,17478300
3/9/2017,15625,15700,15500,15625,14795.28027,9464400
3/10/2017,15700,15700,15475,15625,14795.28027,6877200
3/13/2017,15600,15650,15475,15550,14724.26367,4986600
3/14/2017,15700,15900,15650,15675,14842.62695,12445000
3/15/2017,15775,15775,15525,15650,14818.9541,14057200
3/16/2017,15900,16000,15800,15875,15032.00586,37204300
3/17/2017,16000,16200,15875,15950,15103.02441,44761700
3/20/2017,16100,16225,15950,16075,15221.38477,38255300
3/21/2017,16225,16275,16150,16250,15387.09277,26646300
3/22/2017,16050,16350,16050,16325,15458.11035,35764200
3/23/2017,16400,16750,16375,16600,15718.50781,39154800
3/24/2017,16800,16800,16450,16550,15671.16113,17280600
3/27/2017,16550,16625,16500,16550,15671.16113,14904800
3/29/2017,16675,16825,16625,16700,15813.19629,22529100
3/30/2017,16825,16875,16700,16825,15931.55664,19297600
3/31/2017,16825,17000,16550,16550,15671.16113,16328500
4/3/2017,16575,16950,16575,16575,15694.83496,37377800
4/4/2017,16750,16900,16650,16750,15860.54004,14819300
4/5/2017,16750,16750,16750,16750,15860.54004,0
4/6/2017,17200,17375,17200,17325,16405.00977,23406900
4/7/2017,17475,17475,17200,17350,16428.67969,26667400
4/10/2017,17625,17750,17250,17350,16428.67969,15961100
4/11/2017,17500,17600,17250,17450,16523.37109,17740400
4/12/2017,17450,17700,17425,17650,16712.75,11365100
4/13/2017,17700,17700,17200,17350,16428.67969,10557200
4/17/2017,17350,17350,16700,16925,16147.23633,18796800
4/18/2017,16975,17050,16850,16925,16147.23633,20443900
4/19/2017,16925,16925,16925,16925,16147.23633,0
4/20/2017,17200,17650,17125,17325,16528.85547,29369300
4/21/2017,17075,17500,17025,17475,16671.96289,17331100
4/25/2017,17650,17650,17300,17400,16600.40625,22236100
4/26/2017,17650,18000,17300,18000,17172.83789,16433200
4/27/2017,17400,17625,17400,17525,16719.66406,13663300
4/28/2017,17525,17775,17525,17750,16934.32617,13794200
5/2/2017,17750,17950,17750,17900,17077.43164,27694600
5/3/2017,17800,17850,17750,17750,16934.32617,8704300
5/4/2017,17800,18000,17775,17825,17005.88086,24610100
5/5/2017,17750,17825,17575,17775,16958.17773,6716700
5/8/2017,17875,18150,17825,17950,17125.13477,12808500
5/9/2017,18300,18350,17850,18000,17172.83789,10029700
5/10/2017,17750,18075,17750,17925,17101.28516,15784400
5/12/2017,18525,18550,17850,18000,17172.83789,28399300
5/15/2017,18000,18250,18000,18250,17411.34766,8258100
5/16/2017,17900,17950,17225,17400,16600.40625,47554900
5/17/2017,17400,17425,16925,16950,16171.08691,33357200
5/18/2017,16800,17450,16800,17400,16600.40625,40627300
5/19/2017,17400,18075,17100,17900,17077.43164,36589600
5/22/2017,18150,18250,17425,17650,16838.91797,16350300
5/23/2017,17650,17750,17325,17700,16886.62109,17521900
5/24/2017,17450,17475,17375,17475,16671.96289,19532700
5/26/2017,17500,17725,17450,17575,16767.36523,25213300
5/29/2017,17675,17950,17525,17775,16958.17773,20668100
5/30/2017,17700,17800,17600,17600,16791.21484,11372400
5/31/2017,17600,17650,17150,17150,16361.89453,212572300
6/1/2017,17150,17150,17150,17150,16361.89453,0
6/2/2017,17425,17650,17325,17550,16743.51563,48331300
6/5/2017,17800,17825,17475,17725,16910.4707,20515000
6/6/2017,17500,17675,17500,17550,16743.51563,17400700
6/7/2017,17650,17850,17600,17800,16982.0293,14864800
6/8/2017,17850,18050,17850,17925,17101.28516,18548600
6/9/2017,18100,18100,17525,17700,16886.62109,20213300
6/12/2017,17700,17900,17600,17750,16934.32617,7697900
6/13/2017,17750,17950,17725,17875,17053.58203,9959400
6/14/2017,17700,17975,17700,17975,17148.98438,15824300
6/15/2017,18000,18100,17875,18050,17220.53906,23231800
6/16/2017,18150,18150,17800,17800,16982.0293,121464400
6/19/2017,18000,18050,17875,17925,17101.28516,11302300
6/20/2017,17925,18175,17925,18100,17268.24023,17564900
6/21/2017,18100,18225,18050,18200,17363.64648,13761800
6/22/2017,18250,18325,17975,18150,17315.94336,16421500
6/23/2017,18150,18150,18150,18150,17315.94336,0
6/26/2017,18150,18150,18150,18150,17315.94336,0
6/27/2017,18150,18150,18150,18150,17315.94336,0
6/28/2017,18150,18150,18150,18150,17315.94336,0
6/29/2017,18150,18150,18150,18150,17315.94336,0
6/30/2017,18150,18150,18150,18150,17315.94336,0
7/3/2017,18400,18500,18075,18500,17649.85938,42607700
7/4/2017,18500,18725,18425,18550,17697.5625,12919800
7/5/2017,18550,18675,18300,18350,17506.75195,11396200
7/6/2017,18200,18350,18100,18225,17387.49805,17861300
7/7/2017,18350,18550,18325,18500,17649.85938,16452000
7/10/2017,18500,18650,18250,18300,17459.05273,8101200
7/11/2017,18325,18450,18250,18325,17482.90234,12320700
7/12/2017,18200,18475,18100,18425,17578.30859,17839300
7/13/2017,18500,18525,18275,18500,17649.85938,12891200
7/14/2017,18550,18550,18300,18400,17554.45703,8340000
7/17/2017,18250,18400,18250,18300,17459.05273,12340400
7/18/2017,18200,18350,18175,18350,17506.75195,7811300
7/19/2017,18350,18475,18300,18475,17626.00781,9011500
7/20/2017,18475,18500,18350,18450,17602.1582,11958000
7/21/2017,18450,18475,18225,18225,17387.49805,5087700
7/24/2017,18350,18625,18200,18575,17721.41211,18356200
7/25/2017,18650,18675,18400,18575,17721.41211,12895900
7/26/2017,18650,18900,18550,18775,17912.22266,23616200
7/27/2017,18775,18850,18700,18800,17936.07227,12681900
7/28/2017,19000,19000,18700,18800,17936.07227,16947000
7/31/2017,18600,18825,18575,18700,17840.66602,13062200
8/1/2017,18875,18975,18725,18925,18055.32617,17762000
8/2/2017,18925,18975,18825,18925,18055.32617,12536300
8/3/2017,19050,19050,18550,18750,17888.36914,8783500
8/4/2017,18750,18750,18550,18575,17721.41211,14001400
8/7/2017,18750,18750,18575,18625,17769.11523,11521800
8/8/2017,18700,19050,18700,19000,18126.88281,11602600
8/9/2017,19025,19025,18750,18975,18103.03125,12467100
8/10/2017,19050,19050,18725,18825,17959.92383,7693300
8/11/2017,18725,18825,18575,18675,17816.81641,13767400
8/14/2017,18675,18825,18650,18750,17888.36914,6450800
8/15/2017,18700,18800,18500,18675,17816.81641,8562800
8/16/2017,18725,18925,18650,18900,18031.47852,10837700
8/17/2017,18900,18900,18900,18900,18031.47852,0
8/18/2017,18750,18900,18625,18700,17840.66602,10888700
8/21/2017,18800,18825,18700,18800,17936.07227,4146800
8/22/2017,18800,18875,18800,18800,17936.07227,7163400
8/23/2017,18900,19150,18850,19150,18269.98828,9715300
8/24/2017,19150,19150,18875,18950,18079.18164,11528200
8/25/2017,19100,19200,18975,19100,18222.28711,8771100
8/28/2017,18900,19100,18875,19075,18198.43555,5768100
8/29/2017,19050,19075,18900,19075,18198.43555,6431000
8/30/2017,19200,19200,18925,19100,18222.28711,8450800
8/31/2017,18950,19200,18950,18950,18079.18164,13122100
9/1/2017,18950,18950,18950,18950,18079.18164,0
9/4/2017,18975,19000,18700,18875,18007.62891,7442700
9/5/2017,19000,19000,18675,19000,18126.88281,14740300
9/6/2017,19000,19025,18800,18900,18031.47852,11954200
9/7/2017,19100,19100,18750,18950,18079.18164,8992800
9/8/2017,18725,19025,18700,18850,17983.77734,10316600
9/11/2017,18975,19025,18900,18900,18031.47852,7299300
9/12/2017,18950,19100,18925,19025,18150.73438,10445000
9/13/2017,18850,19125,18850,19050,18174.58398,5967000
9/14/2017,19125,19150,19050,19100,18222.28711,7550800
9/15/2017,19000,19025,18825,18875,18007.62891,32694700
9/18/2017,19000,19000,18825,18975,18103.03125,6180700
9/19/2017,18850,19175,18825,19075,18198.43555,11915900
9/20/2017,19100,19100,18975,19050,18174.58398,15276400
9/21/2017,19050,19050,19050,19050,18174.58398,0
9/22/2017,19100,19975,19025,19875,18961.67383,25174200
9/25/2017,19750,19800,19625,19675,18770.86133,19509900
9/26/2017,19675,19775,19600,19650,18747.01172,19986900
9/27/2017,19800,19800,19650,19750,18842.41797,24434700
9/28/2017,19825,19850,19650,19825,18913.9707,20340700
9/29/2017,19975,20375,19825,20300,19367.14453,37720500
10/2/2017,20550,20600,20225,20325,19390.99609,10573100
10/3/2017,20325,20500,20200,20350,19414.84766,9641900
10/4/2017,20550,20550,20275,20325,19390.99609,20322100
10/5/2017,20325,20325,20075,20275,19343.29492,24113800
10/6/2017,20250,20525,20100,20450,19510.25391,20058100
10/9/2017,20300,20400,20250,20350,19414.84766,13031300
10/10/2017,20200,20400,20200,20375,19438.69727,11121200
10/11/2017,20200,20425,20200,20375,19438.69727,13459600
10/12/2017,20375,20825,20375,20800,19844.16602,20735300
10/13/2017,20800,20950,20550,20675,19724.91016,11138000
10/16/2017,20800,21050,20675,20725,19772.60938,10865600
10/17/2017,20750,20750,20050,20500,19557.95117,23186900
10/18/2017,20700,20700,20075,20200,19271.74023,24915200
10/19/2017,20200,20350,20150,20325,19390.99609,13727800
10/20/2017,20500,20950,20350,20350,19414.84766,12151600
10/23/2017,20650,21375,20650,21000,20034.97656,12568700
10/24/2017,21000,21250,20600,20600,19653.35547,13076000
10/25/2017,20600,21050,20400,21050,20082.67773,13884300
10/26/2017,20800,21000,20600,20775,19820.31445,8267200
10/27/2017,20750,20750,20200,20300,19367.14453,20340200
10/30/2017,20325,20475,20300,20425,19486.40039,11042100
10/31/2017,20825,20925,20525,20900,19939.57227,15601800
11/1/2017,21000,21375,21000,21325,20345.04102,20755300
11/2/2017,21500,21625,21400,21475,20488.14844,19167800
11/3/2017,21500,21500,20700,21025,20058.82813,14014000
11/6/2017,21200,21200,21000,21000,20034.97656,7646800
11/7/2017,20850,21075,20750,21050,20082.67773,9846900
11/8/2017,20900,21125,20800,20800,19844.16602,12303600
11/9/2017,20950,21050,20775,20800,19844.16602,10308200
11/10/2017,20800,20900,20600,20650,19701.05859,15835700
11/13/2017,20525,20700,20400,20475,19534.10156,11392600
11/14/2017,20500,20550,20425,20475,19534.10156,10997200
11/15/2017,20600,21150,20500,21025,20058.82813,18850700
11/16/2017,21200,21200,20950,21025,20058.82813,12302500
11/17/2017,21150,21200,20825,21175,20201.93359,25376300
11/20/2017,21175,21275,21025,21025,20058.82813,18180500
11/21/2017,21225,21225,20875,21125,20154.22852,12739000
11/22/2017,21000,21225,21000,21175,20201.93359,17343800
11/23/2017,21250,21250,20850,21000,20034.97656,13200700
11/24/2017,20875,21050,20775,21000,20034.97656,12177600
11/27/2017,20825,21300,20825,21300,20321.19141,15629300
11/28/2017,21300,21300,21050,21300,20321.19141,15486400
11/29/2017,21300,21325,20925,21175,20278.0957,20674100
11/30/2017,21300,21300,20350,20350,19488.04102,41179500
12/1/2017,20350,20350,20350,20350,19488.04102,0
12/4/2017,20825,21150,20650,20800,19918.98242,25680500
12/5/2017,21050,21125,20900,21000,20110.50977,12534100
12/6/2017,21150,21375,21000,21300,20397.79883,21259900
12/7/2017,21300,21300,20875,20975,20086.56641,13932800
12/8/2017,21100,21225,21025,21125,20230.21094,8096000
12/11/2017,21250,21250,21000,21075,20182.33203,6594700
12/12/2017,21175,21250,20850,21250,20349.91797,13570800
12/13/2017,21175,21175,20925,20925,20038.68359,12226200
12/14/2017,20925,21150,20875,21100,20206.27148,15110000
12/15/2017,20900,21100,20900,21100,20206.27148,12926100
12/18/2017,20900,21100,20850,21100,20206.27148,15294800
12/19/2017,20950,21250,20950,21100,20206.27148,15310700
12/20/2017,21050,21050,20875,20925,20038.68359,20592700
12/21/2017,20950,21150,20950,21100,20206.27148,12220000
12/22/2017,21175,21675,20975,21500,20589.32813,18914600
12/25/2017,21500,21500,21500,21500,20589.32813,0
12/26/2017,21500,21500,21500,21500,20589.32813,0
12/27/2017,21500,21700,21400,21525,20613.26953,17337800
12/28/2017,21500,22000,21475,21925,20996.32813,21300200
12/29/2017,22050,22750,21650,21900,20972.38477,16269400
1/1/2018,21900,21900,21900,21900,20972.38477,0
1/2/2018,21900,22525,21825,21900,20972.38477,16460700
1/3/2018,21925,21950,21325,21900,20972.38477,13642800
1/4/2018,21900,22225,21900,22225,21283.62109,15313400
1/5/2018,22300,22400,22175,22250,21307.5625,13053600
1/8/2018,22250,22575,22225,22350,21403.32813,11585600
1/9/2018,22500,22550,22450,22525,21570.91211,12242600
1/10/2018,22525,22725,22325,22450,21499.0918,9458400
1/11/2018,22450,22700,22300,22700,21738.5,11513800
1/12/2018,22700,22725,22325,22425,21475.15039,13318100
1/15/2018,22450,22500,22300,22475,21523.0293,8375000
1/16/2018,22450,22675,22450,22600,21642.73633,10011000
1/17/2018,22700,22700,22150,22150,21211.79883,36600600
1/18/2018,22250,22600,22250,22575,21618.79688,16996100
1/19/2018,22625,22650,22400,22450,21499.0918,10090100
1/22/2018,22550,22575,22425,22475,21523.0293,16273500
1/23/2018,22650,22700,22525,22650,21690.61914,13750400
1/24/2018,22625,22625,22500,22575,21618.79688,18850900
1/25/2018,22550,22650,22450,22575,21618.79688,10730700
1/26/2018,22625,22850,22525,22700,21738.5,11624200
1/29/2018,22800,22825,22550,22800,21834.26563,22962900
1/30/2018,22700,23450,22650,22800,21834.26563,22811000
1/31/2018,22800,22900,22700,22725,21762.44141,21360600
2/1/2018,22850,23425,22850,23375,22384.91211,27641600
2/2/2018,23625,24700,23600,23975,22959.49805,19694800
2/5/2018,23750,24025,23500,23800,22791.91211,9900300
2/6/2018,23450,23675,23300,23525,22528.55664,23517900
2/7/2018,23650,23975,23475,23500,22504.61523,24389400
2/8/2018,23550,23800,23500,23700,22696.14258,13692200
2/9/2018,23400,23725,23350,23575,22576.4375,14215300
2/12/2018,23800,23800,23500,23500,22504.61523,7681900
2/13/2018,23800,23925,23750,23800,22791.91211,11881200
2/14/2018,23725,23875,23550,23700,22696.14258,15110600
2/15/2018,23900,23925,23450,23450,22456.73438,10591700
2/16/2018,23450,23450,23450,23450,22456.73438,0
2/19/2018,23675,24250,23650,24250,23222.84766,10037100
2/20/2018,24100,24200,23875,24025,23007.37891,6966000
2/21/2018,23950,24175,23725,24025,23007.37891,12499800
2/22/2018,24100,24175,23750,23900,22887.67383,9443400
2/23/2018,24025,24475,23950,24250,23222.84766,16446600
2/26/2018,24150,24225,23500,23525,22528.55664,17045500
2/27/2018,23725,23775,23300,23550,22552.49805,17485900
2/28/2018,23400,23450,23075,23175,22193.38281,26573800
3/1/2018,23100,23225,23100,23175,22193.38281,25094900
3/2/2018,23075,23125,22750,22875,21906.08984,30302200
3/5/2018,23150,23300,22875,22875,21906.08984,17548800
3/6/2018,23175,23200,22725,22775,21810.32617,15181400
3/7/2018,23100,23150,22525,22600,21642.73633,21230400
3/8/2018,23000,23400,22750,23300,22313.08789,20598900
3/9/2018,23300,23300,22975,23300,22313.08789,13359400
3/12/2018,23400,23650,23350,23625,22624.32227,22236100
3/13/2018,23600,23700,23275,23450,22456.73438,16128600
3/14/2018,23475,23600,23225,23400,22408.85156,10901100
3/15/2018,23400,23425,23250,23375,22384.91211,12154900
3/16/2018,23650,23675,23000,23350,22360.9707,38624400
3/19/2018,23300,23375,23200,23350,22360.9707,14840000
3/20/2018,23275,23300,23000,23275,22289.14844,17936700
3/21/2018,23350,23525,23275,23375,22384.91211,13523500
3/22/2018,23475,23500,23350,23450,22456.73438,12158300
3/23/2018,23000,23800,23000,23800,22791.91211,12595600
3/26/2018,23400,23450,23200,23275,22289.14844,20081400
3/27/2018,23650,23775,23425,23450,22456.73438,13217600
3/28/2018,23450,23450,23150,23325,22337.0293,7242500
3/29/2018,23150,23325,22825,23300,22313.08789,15530100
3/30/2018,23300,23300,23300,23300,22313.08789,0
4/2/2018,23450,23475,23100,23400,22408.85156,7432500
4/3/2018,23375,23500,23325,23400,22408.85156,11252200
4/4/2018,23500,23500,23025,23300,22313.08789,9975400
4/5/2018,23500,23500,23050,23050,22073.67578,4504300
4/6/2018,23125,23125,22600,22725,21762.44141,9588300
4/9/2018,22850,22900,22575,22775,21810.32617,10202600
4/10/2018,22875,23450,22800,23300,22313.08789,15906700
4/11/2018,23500,23650,23300,23325,22337.0293,8378300
4/12/2018,23325,23325,23050,23150,22169.44141,9191400
4/13/2018,23100,23150,22900,22900,22097.07031,14035900
4/16/2018,22900,22900,22900,22900,22097.07031,0
4/17/2018,22900,22900,22900,22900,22097.07031,0
4/18/2018,22825,22975,22725,22975,22169.44141,8743200
4/19/2018,22975,22975,22975,22975,22169.44141,0
4/20/2018,22975,22975,22975,22975,22169.44141,0
4/23/2018,23200,23200,22925,23000,22193.56445,9247200
4/24/2018,23100,23125,22875,22925,22121.19531,14444700
4/25/2018,22925,22925,22925,22925,22121.19531,0
4/26/2018,22925,22925,22925,22925,22121.19531,0
4/27/2018,22925,22925,22925,22925,22121.19531,0
4/30/2018,21500,22400,21450,22100,21325.12109,18082800
5/1/2018,22100,22100,22100,22100,21325.12109,0
5/2/2018,22100,22900,22100,22900,22097.07031,16469200
5/3/2018,22800,22875,22300,22300,21518.11133,27740900
5/4/2018,22300,22325,22000,22025,21252.75,14826700
5/7/2018,22050,22300,21800,22300,21518.11133,9810900
5/8/2018,22000,22025,21700,22025,21252.75,14147800
5/9/2018,21525,22900,21525,22900,22097.07031,14418800
5/10/2018,22900,22900,22900,22900,22097.07031,0
5/11/2018,22750,23050,22550,22750,21952.33008,16000100
5/14/2018,22450,22975,22325,22975,22169.44141,11474100
5/15/2018,22675,22700,22000,22200,21421.61328,26116600
5/16/2018,21900,22400,21900,22375,21590.48047,17437000
5/17/2018,22200,22275,22000,22000,21228.62891,16806100
5/18/2018,22000,22025,21700,21700,20939.14453,17736200
5/21/2018,21550,21725,21475,21650,20890.89844,16447400
5/22/2018,21950,22100,21700,22000,21228.62891,12552200
5/23/2018,22100,22350,22000,22000,21228.62891,15903100
5/24/2018,22300,22625,22275,22450,21662.84961,15539400
5/25/2018,22425,22675,22375,22550,21759.3418,12782700
5/28/2018,22500,23000,22400,22850,22048.82227,12820900
5/29/2018,22850,22850,22850,22850,22048.82227,0
5/30/2018,22850,22975,22450,22700,21904.08398,21952300
5/31/2018,22875,22950,22450,22700,21904.08398,35604600
6/1/2018,22700,22700,22700,22700,21904.08398,0
6/4/2018,22950,22975,22800,22925,22121.19531,17917000
6/5/2018,22800,22925,22400,22725,21928.20508,15446600
6/6/2018,22725,23150,22625,23025,22217.6875,11582700
6/7/2018,23150,23150,22900,22975,22169.44141,8136300
6/8/2018,22850,23000,22100,22250,21469.86133,34169000
6/11/2018,22250,22250,22250,22250,21469.86133,0
6/12/2018,22250,22250,22250,22250,21469.86133,0
6/13/2018,22250,22250,22250,22250,21469.86133,0
6/14/2018,22250,22250,22250,22250,21469.86133,0
6/15/2018,22250,22250,22250,22250,21469.86133,0
6/18/2018,22250,22250,22250,22250,21469.86133,0
6/19/2018,22250,22250,22250,22250,21469.86133,0
6/20/2018,22000,22025,21150,21500,20746.1582,50687800
6/21/2018,21625,21950,21150,21150,20408.42969,18118700
6/22/2018,21400,21925,21100,21925,21156.25781,19301900
6/25/2018,21925,22475,21825,22200,21421.61328,12502600
6/26/2018,22100,22300,21375,21375,20625.54297,10952700
6/27/2018,21400,21700,21350,21350,20601.41797,13461900
6/28/2018,21375,21375,20925,20950,20215.44141,23619700
6/29/2018,20950,21475,20825,21475,20722.03516,23837600
7/2/2018,21650,21650,21425,21450,20697.91211,11888300
7/3/2018,21600,21625,20600,20600,19877.71289,14607600
7/4/2018,20975,21400,20700,21225,20480.79883,12398900
7/5/2018,21050,21300,21000,21225,20480.79883,6828800
7/6/2018,20975,21050,20925,20925,20191.31836,7521800
7/9/2018,21200,22000,21075,21900,21132.13477,16009900
7/10/2018,21850,22000,21400,21900,21132.13477,23327900
7/11/2018,21500,22450,21500,22325,21542.23438,19114000
7/12/2018,22200,22900,22175,22825,22024.70117,15801600
7/13/2018,23000,23075,22800,23025,22217.6875,14787200
7/16/2018,23050,23125,22900,23125,22314.18164,14314200
7/17/2018,22925,23000,22525,22725,21928.20508,6064400
7/18/2018,22950,23200,22950,23200,22386.55078,16018100
7/19/2018,23100,23200,23050,23200,22386.55078,15385100
7/20/2018,23150,23150,22925,23100,22290.05859,11420800
7/23/2018,23200,23500,23100,23350,22531.29297,14031500
7/24/2018,23500,23525,23300,23525,22700.15625,17658200
7/25/2018,23525,23575,23425,23575,22748.4043,10026300
7/26/2018,23225,23625,23225,23325,22507.16992,10863500
7/27/2018,23300,23350,23125,23225,22410.67578,9328500
7/30/2018,23400,23400,23000,23275,22458.92383,8019300
7/31/2018,23200,23300,22650,23275,22458.92383,13360600
8/1/2018,23400,23475,23250,23475,22651.91016,11318800
8/2/2018,23600,23900,23450,23450,22627.78906,15866600
8/3/2018,23450,23650,23350,23450,22627.78906,8280800
8/6/2018,23400,23800,23400,23800,22965.51758,12600100
8/7/2018,23700,23875,23700,23800,22965.51758,22875800
8/8/2018,23900,23950,23550,23925,23086.13281,12940500
8/9/2018,24000,24100,23900,24100,23254.99609,13189500
8/10/2018,24000,24075,23700,23875,23037.88477,16069600
8/13/2018,23525,23550,23050,23325,22507.16992,16036800
8/14/2018,23450,23900,23025,23500,22676.03516,17105500
8/15/2018,23600,23600,23300,23450,22627.78906,11466100
8/16/2018,23450,23475,23200,23375,22555.41602,10580700
8/17/2018,23375,23375,23375,23375,22555.41602,0
8/20/2018,23500,23900,23425,23900,23062.00977,19366400
8/21/2018,23850,23975,23850,23875,23037.88477,13587600
8/22/2018,23875,23875,23875,23875,23037.88477,0
8/23/2018,23800,24650,23775,24575,23713.33984,29173600
8/24/2018,24600,25475,24575,25075,24195.81055,20795000
8/27/2018,25100,25350,24675,24775,23906.33008,18257000
8/28/2018,25100,25100,24550,24975,24099.31641,12670700
8/29/2018,24500,24800,24475,24800,23930.45313,17539100
8/30/2018,24975,25150,24925,25075,24195.81055,19254700
8/31/2018,25000,25050,24800,24800,23930.45313,22312600
9/3/2018,25050,25075,24600,24775,23906.33008,7697900
9/4/2018,24825,24900,24500,24750,23882.20508,8454300
9/5/2018,24500,24500,23650,24000,23158.50391,19121700
9/6/2018,24025,25200,23600,24700,23833.95703,19053000
9/7/2018,24825,24850,24375,24850,23978.69922,14510300
9/10/2018,24600,24750,24150,24750,23882.20508,13339300
9/11/2018,24750,24750,24750,24750,23882.20508,0
9/12/2018,24750,24825,23825,23900,23062.00977,17580100
9/13/2018,24200,24375,23900,24000,23158.50391,18810200
9/14/2018,23900,24200,23700,23975,23134.38086,14494700
9/17/2018,23750,23975,23750,23925,23086.13281,7895600
9/18/2018,23700,24250,23700,24000,23158.50391,15023900
9/19/2018,24075,24225,23825,24000,23158.50391,22311700
9/20/2018,24200,24225,23900,23950,23110.25586,12157200
9/21/2018,23900,24150,23700,23700,22869.01953,30410400
9/24/2018,23900,24075,23800,23925,23086.13281,11980400
9/25/2018,24000,24000,23825,23925,23086.13281,8554200
9/26/2018,23800,24300,23800,24200,23351.49023,14343100
9/27/2018,23900,24125,23850,24000,23158.50391,14200200
9/28/2018,23900,24150,23900,24150,23303.24414,19395000
10/1/2018,24000,24200,23950,23950,23110.25586,7277600
10/2/2018,24075,24200,23750,23950,23110.25586,10127900
10/3/2018,23750,23975,23725,23925,23086.13281,6704900
10/4/2018,23925,23925,23500,23600,22772.52734,13573900
10/5/2018,23550,23550,22975,23050,22241.8125,19649900
10/8/2018,23075,23950,23075,23450,22627.78906,11450000
10/9/2018,23500,23750,23400,23750,22917.26758,7388000
10/10/2018,23900,24125,23250,23375,22555.41602,11878900
10/11/2018,23000,23300,22475,22725,21928.20508,20467200
10/12/2018,23000,23475,23000,23250,22434.79883,16514900
10/15/2018,23500,23850,23475,23850,23013.76367,13190000
10/16/2018,23850,24100,23500,24100,23254.99609,9489800
10/17/2018,24150,24175,23775,24025,23182.62695,7671800
10/18/2018,23800,23875,23600,23600,22772.52734,5872100
10/19/2018,23300,23650,23225,23375,22555.41602,9043900
10/22/2018,23375,23600,23150,23150,22338.30469,12696800
10/23/2018,23400,23425,22875,22950,22145.31641,12432500
10/24/2018,23000,23150,22650,22650,21855.83594,11898700
10/25/2018,22175,23175,22175,22900,22097.07031,17546500
10/26/2018,23100,23600,23000,23600,22772.52734,16798800
10/29/2018,23300,23550,23125,23125,22314.18164,6910600
10/30/2018,23125,23650,23100,23500,22676.03516,13776500
10/31/2018,23750,23875,23500,23650,22820.77344,25781700
11/1/2018,23850,24050,23725,23800,22965.51758,23581300
11/2/2018,24000,24175,23800,24000,23158.50391,22810900
11/5/2018,24000,24250,23950,24175,23327.36719,15350900
11/6/2018,24300,24725,24250,24400,23544.47852,18882100
11/7/2018,24600,24600,23900,24100,23254.99609,16775100
11/8/2018,24400,24500,23900,24000,23158.50391,19947800
11/9/2018,24000,24050,23925,24000,23158.50391,12587700
11/12/2018,24150,24175,23700,23700,22869.01953,13025000
11/13/2018,23700,24100,23350,24075,23230.87305,12246300
11/14/2018,24075,24250,23900,24050,23206.75,13702300
11/15/2018,24275,24350,23950,24175,23327.36719,17417100
11/16/2018,24350,24900,24300,24825,23954.57617,26829100
11/19/2018,25000,25400,24900,25100,24219.93359,20764500
11/20/2018,25100,25100,25100,25100,24219.93359,0
11/21/2018,25000,25050,24775,24800,23930.45313,21577800
11/22/2018,24700,25200,24700,25100,24219.93359,17454000
11/23/2018,25300,25450,24875,25100,24219.93359,11492000
11/26/2018,24800,25400,24800,25225,24340.54883,12867300
11/27/2018,25200,25500,25000,25500,24605.91016,14797800
11/28/2018,25625,25625,25400,25450,24557.66211,18137500
11/29/2018,25500,26200,25500,26200,25281.36523,22769500
11/30/2018,26200,26200,25775,26050,25136.62695,35606900
12/3/2018,26075,26975,25500,25800,24976.88867,20184600
12/4/2018,25800,26475,25775,26200,25364.12695,23846500
12/5/2018,25600,26150,25575,26150,25315.72266,14998800
12/6/2018,25850,26300,25600,26300,25460.9375,15090000
12/7/2018,25950,26050,25800,25950,25122.10352,14214000
12/10/2018,25600,26025,25600,25900,25073.69922,16244200
12/11/2018,25650,26000,25625,25800,24976.88867,18603400
12/12/2018,25950,25950,25650,25825,25001.0918,24324600
12/13/2018,26000,26025,25725,25825,25001.0918,16856100
12/14/2018,25800,25900,25700,25825,25001.0918,36887000
12/17/2018,25925,26000,25750,25825,25001.0918,20287700
12/18/2018,25500,25575,24900,25325,24517.04297,26407800
12/19/2018,25200,26150,25200,26150,25315.72266,20444100
12/20/2018,25600,25850,25350,25575,24759.06641,18891000
12/21/2018,25200,25875,25200,25850,25025.29492,17995900
12/24/2018,25850,25850,25850,25850,25025.29492,0
12/25/2018,25850,25850,25850,25850,25025.29492,0
12/26/2018,25850,26125,25700,26125,25291.51953,13302300
12/27/2018,26200,26275,25900,25975,25146.30469,10053100
12/28/2018,25975,26200,25900,26000,25170.50781,10893500
12/31/2018,26000,26000,26000,26000,25170.50781,0
1/1/2019,26000,26000,26000,26000,25170.50781,0
1/2/2019,26000,26225,26000,26200,25364.12695,7191200
1/3/2019,26000,26100,25575,25900,25073.69922,14471600
1/4/2019,25875,26025,25625,26025,25194.71094,10293000
1/7/2019,26325,26625,26225,26225,25388.33008,14687600
1/8/2019,26150,26600,26025,26200,25364.12695,13249500
1/9/2019,26500,26600,26125,26275,25436.73633,16974200
1/10/2019,26500,26500,25950,26275,25436.73633,22862900
1/11/2019,26400,26500,26175,26250,25412.53125,16965300
1/14/2019,26100,26175,25750,26000,25170.50781,17509500
1/15/2019,26150,26300,25950,26300,25460.9375,17552600
1/16/2019,26300,26425,26225,26425,25581.94922,18994500
1/17/2019,26450,26650,26425,26650,25799.76953,18330800
1/18/2019,26700,27125,26575,27125,26259.61523,20174700
1/21/2019,27125,28000,26950,27725,26840.47461,17423600
1/22/2019,28000,28100,27250,28000,27106.70117,18381400
1/23/2019,28000,28000,27375,27500,26622.65234,19702500
1/24/2019,27150,27425,26775,27300,26429.0332,21356200
1/25/2019,27000,27600,27000,27500,26622.65234,13788800
1/28/2019,27575,27575,27375,27475,26598.44922,13940800
1/29/2019,27225,27750,27200,27700,26816.26953,15535800
1/30/2019,27800,27800,27475,27600,26719.46094,15257000
1/31/2019,27600,28200,27600,28175,27276.11719,27180900
2/1/2019,28400,28750,27800,28175,27276.11719,11543900
2/4/2019,28175,28175,27500,27500,26622.65234,22769300
2/5/2019,27500,27500,27500,27500,26622.65234,0
2/6/2019,27500,27700,27475,27675,26792.06836,24399300
2/7/2019,27675,27675,27525,27650,26767.86523,12739500
2/8/2019,27650,27675,27500,27600,26719.46094,13053700
2/11/2019,27600,27650,27300,27475,26598.44922,7527800
2/12/2019,27650,27650,27250,27300,26429.0332,19176700
2/13/2019,27300,27450,27050,27100,26235.41211,20623100
2/14/2019,27025,27025,26900,26900,26041.79492,21747700
2/15/2019,26800,27050,26675,26800,25944.98633,16268000
2/18/2019,27050,27500,27050,27400,26525.84375,12598200
2/19/2019,27100,27400,26900,26900,26041.79492,12893800
2/20/2019,27250,27975,27200,27500,26622.65234,17916600
2/21/2019,27700,27800,27350,27525,26646.85547,10912300
2/22/2019,27375,27625,27300,27450,26574.24805,9654300
2/25/2019,27450,27500,27275,27450,26574.24805,9577400
2/26/2019,27500,27775,27475,27775,26888.88086,19689200
2/27/2019,27825,27850,27725,27825,26937.28516,15703900
2/28/2019,27850,27900,27550,27575,26695.25977,19873200
3/1/2019,27825,28000,27675,27700,26816.26953,14517900
3/4/2019,27600,27700,27575,27675,26792.06836,12782100
3/5/2019,27500,27525,27200,27475,26598.44922,9299900
3/6/2019,27775,27775,27450,27450,26574.24805,7555400
3/7/2019,27450,27450,27450,27450,26574.24805,0
3/8/2019,27725,27850,27200,27200,26332.22266,12225200
3/11/2019,27650,27650,27300,27525,26646.85547,6493800
3/12/2019,27700,27700,27250,27500,26622.65234,8035700
3/13/2019,27250,27525,27250,27500,26622.65234,3544400
3/14/2019,27250,27475,27250,27400,26525.84375,8219200
3/15/2019,27600,27725,27425,27700,26816.26953,8351900
3/18/2019,27775,27800,27675,27750,26864.67578,8558200
3/19/2019,27700,27725,27425,27450,26574.24805,10305400
3/20/2019,27700,27775,27325,27350,26477.43945,8477700
3/21/2019,27450,27600,27325,27375,26501.64063,7973200
3/22/2019,27325,27500,27325,27425,26550.04492,5920200
3/25/2019,27200,27500,27200,27275,26404.83008,4610900
3/26/2019,27400,27550,27275,27350,26477.43945,3979100
3/27/2019,27550,27550,27300,27425,26550.04492,3560900
3/28/2019,27300,27425,27125,27350,26477.43945,6437500
3/29/2019,27575,27650,27300,27550,26671.05859,7246800
4/1/2019,27750,27750,27400,27500,26622.65234,4357200
4/2/2019,27650,27850,27400,27500,26622.65234,7370600
4/3/2019,27500,27500,27500,27500,26622.65234,0
4/4/2019,27700,27800,27450,27700,26816.26953,9622400
4/5/2019,27800,27800,27625,27650,26767.86523,4382700
4/8/2019,27525,27700,27250,27400,26525.84375,7982000
4/9/2019,27675,27750,27575,27675,26792.06836,5889400
4/10/2019,27750,27775,27575,27625,26743.66406,3901700
4/11/2019,27800,27800,27400,27400,26525.84375,5071200
4/12/2019,27300,27550,27300,27500,26622.65234,3715400
4/15/2019,27800,27850,27450,27525,26646.85547,13630400
4/16/2019,27475,27525,27375,27475,26598.44922,14203400
4/17/2019,27475,27475,27475,27475,26598.44922,0
4/18/2019,28000,29025,27900,28125,27227.71289,25866500
4/19/2019,28125,28125,28125,28125,27227.71289,0
4/22/2019,28125,28400,27925,28125,27227.71289,12567500
4/23/2019,28400,28550,27975,28150,27251.91602,9730800
4/24/2019,28200,28200,28000,28150,27501.03516,9395000
4/25/2019,27675,28100,27625,27975,27330.06836,12296500
4/26/2019,27925,28225,27850,28100,27452.1875,13240900
4/29/2019,28050,28475,27975,28425,27769.69727,13096100
4/30/2019,28350,28800,28350,28750,28087.20313,21521500
5/1/2019,28750,28750,28750,28750,28087.20313,0
5/2/2019,29000,29050,28375,28425,27769.69727,16175900
5/3/2019,28400,28750,28075,28375,27720.84766,11648900
5/6/2019,28000,28300,27975,28100,27452.1875,7329900
5/7/2019,28375,28550,28250,28300,27647.57617,11835400
5/8/2019,28000,28500,27975,28500,27842.9668,11812400
5/9/2019,28500,28500,28125,28150,27501.03516,25327300
5/10/2019,28050,28400,28000,28050,27403.3418,15226100
5/13/2019,28400,28475,28000,28050,27403.3418,12744100
5/14/2019,27800,28150,27475,27475,26841.59766,22960100
5/15/2019,27775,27775,27225,27300,26670.63086,14413000
5/16/2019,27300,27400,26400,26400,25791.37891,17587800
5/17/2019,26400,26550,25900,25900,25302.90625,14841400
5/20/2019,25900,26950,25700,26900,26279.85352,10952900
5/21/2019,27350,27475,27000,27300,26670.63086,19474200
5/22/2019,27650,27650,27000,27300,26670.63086,7703800
5/23/2019,27200,28025,26700,28025,27378.91797,10985200
5/24/2019,28050,28150,28025,28050,27403.3418,7480400
5/27/2019,27675,28500,27650,28425,27769.69727,13712800
5/28/2019,28275,28850,28275,28675,28013.93359,41984600
5/29/2019,29000,29475,28650,28700,28038.35547,26608900
5/30/2019,28700,28700,28700,28700,28038.35547,0
5/31/2019,28700,29350,28675,29100,28429.13477,19375000
6/3/2019,29100,29100,29100,29100,28429.13477,0
6/4/2019,29100,29100,29100,29100,28429.13477,0
6/5/2019,29100,29100,29100,29100,28429.13477,0
6/6/2019,29100,29100,29100,29100,28429.13477,0
6/7/2019,29100,29100,29100,29100,28429.13477,0
6/10/2019,30000,30950,29050,29400,28722.21875,35847600
6/11/2019,29500,29800,29225,29550,28868.76172,14580200
6/12/2019,29200,29500,29100,29225,28551.25195,13851100
6/13/2019,29425,29425,28950,29025,28355.86328,15760500
6/14/2019,29225,29225,28950,29000,28331.43945,11444100
6/17/2019,29050,29200,28950,28975,28307.01563,16724800
6/18/2019,28975,29500,28975,29500,28819.91211,15757600
6/19/2019,null,null,null,null,null,null
6/20/2019,29500,29700,29025,29550,28868.76172,11900900
6/21/2019,29550,29675,29200,29400,28722.21875,28829800
6/24/2019,29475,29500,29325,29375,28697.79492,6016800
6/25/2019,29650,29800,29375,29550,28868.76172,8112300
6/26/2019,29700,29700,29300,29325,28648.94727,11866900
6/27/2019,29250,29675,29025,29675,28990.88086,15505000
6/28/2019,29900,29975,29800,29975,29283.96289,16183800
7/1/2019,29975,30125,29825,29950,29259.53711,11322500
7/2/2019,29950,30000,29750,30000,29308.38672,9712700
7/3/2019,29750,30000,29700,30000,29308.38672,8728000
7/4/2019,30000,30050,29825,29950,29259.53711,5644900
7/5/2019,30100,30100,29850,29850,29161.84375,6544500
7/8/2019,29675,29800,29325,29400,28722.21875,7672200
7/9/2019,29350,30000,29350,30000,29308.38672,9548100
7/10/2019,30000,30200,29975,30000,29308.38672,10436700
7/11/2019,30100,30125,29900,30125,29430.50586,6855900
7/12/2019,30000,30150,29975,30050,29357.23242,5967600
7/15/2019,30300,30575,30175,30525,29821.2832,12290700
7/16/2019,30400,30525,30350,30425,29723.58789,7615000
7/17/2019,30400,30750,30225,30750,30041.0957,9097400
7/18/2019,30500,30850,30275,30725,30016.67383,8725100
7/19/2019,30975,31050,30750,31000,30285.33398,8794700
7/22/2019,31300,31450,31000,31450,30724.95898,7462900
7/23/2019,31200,31450,31025,31175,30456.29883,7825900
7/24/2019,31300,31325,30825,31250,30529.56836,10268700
7/25/2019,31350,31375,31000,31250,30529.56836,10695500
7/26/2019,31250,31250,30950,30975,30260.9082,10359500
7/29/2019,31100,31150,30800,30950,30236.48438,13701900
7/30/2019,31025,31250,30950,31100,30383.02539,7645100
7/31/2019,30950,31200,30900,30950,30236.48438,12825800
8/1/2019,30950,31350,30925,31050,30334.17969,15645600
8/2/2019,30800,31025,30800,30825,30114.36523,12597900
8/5/2019,31075,31075,30000,30000,29308.38672,18184800
8/6/2019,29400,29775,28825,29400,28722.21875,36659200
8/7/2019,29875,30250,29525,30050,29357.23242,18420400
8/8/2019,30050,30400,29900,30025,29332.80859,11659100
8/9/2019,30275,30600,30275,30325,29625.89453,9623700
8/12/2019,30350,30400,30000,30200,29503.77539,10541000
8/13/2019,30000,30200,30000,30075,29381.6582,16881200
8/14/2019,30200,30300,29900,30050,29357.23242,16388400
8/15/2019,29600,30000,29300,30000,29308.38672,10512300
8/16/2019,30200,30200,29800,29800,29112.99609,9964300
8/19/2019,30150,30150,29825,30075,29381.6582,6123800
8/20/2019,30175,30175,29925,29925,29235.11523,11678700
8/21/2019,30000,30025,29875,29875,29186.26953,11185500
8/22/2019,29625,30000,29600,30000,29308.38672,13177600
8/23/2019,29600,29975,29525,29975,29283.96289,6616700
8/26/2019,29700,30000,29300,29950,29259.53711,8277700
8/27/2019,30200,30200,29750,30025,29332.80859,24756000
8/28/2019,30000,30100,29925,29975,29283.96289,11137600
8/29/2019,29950,30125,29925,30025,29332.80859,10305100
8/30/2019,30400,30500,30025,30500,29796.85938,14730000
9/2/2019,30500,30500,30000,30000,29308.38672,8485800
9/3/2019,30000,30275,30000,30275,29577.04883,8548700
9/4/2019,30300,30300,30025,30100,29406.08008,8395800
9/5/2019,30425,30425,30075,30200,29503.77539,10730100
9/6/2019,30300,30300,30125,30125,29430.50586,10869800
9/9/2019,30250,30275,29900,30175,29479.35156,5182400
9/10/2019,30100,30275,29925,30275,29577.04883,8058200
9/11/2019,30250,30500,30050,30500,29796.85938,9048700
9/12/2019,30500,30525,30050,30100,29406.08008,8006800
9/13/2019,30400,30450,30050,30150,29454.92773,5683900
9/16/2019,30000,30075,29925,30025,29332.80859,15457800
9/17/2019,29950,30175,29925,30150,29454.92773,18407500
9/18/2019,29950,30200,29950,30200,29503.77539,5733400
9/19/2019,30075,30225,30000,30150,29454.92773,12397700
9/20/2019,30250,30250,29950,29950,29259.53711,26686600
9/23/2019,30150,30150,30000,30125,29430.50586,9446300
9/24/2019,29900,30000,29700,29725,29039.72656,15943700
9/25/2019,29500,29675,28900,29675,28990.88086,17724000
9/26/2019,30000,30300,29850,30300,29601.4707,21971800
9/27/2019,30025,30375,30000,30350,29650.31641,9602000
9/30/2019,30350,30350,30025,30350,29650.31641,14678200
10/1/2019,30050,30325,30050,30200,29503.77539,8011400
10/2/2019,30050,30350,30050,30250,29552.62305,10475300
10/3/2019,30050,30225,29750,30200,29503.77539,10053800
10/4/2019,29900,30325,29900,30225,29528.19727,11378100
10/7/2019,30350,30400,30250,30350,29650.31641,11341100
10/8/2019,30400,30500,30075,30500,29796.85938,9399500
10/9/2019,30500,30500,30250,30350,29650.31641,8299300
10/10/2019,30100,30550,30100,30550,29845.70703,13161300
10/11/2019,30400,30775,30400,30625,29918.97656,8172700
10/14/2019,30650,31000,30650,31000,30285.33398,7502900
10/15/2019,30950,30950,30725,30875,30163.21289,8187000
10/16/2019,31000,31075,30875,31075,30358.60156,13155300
10/17/2019,30925,31050,30525,30575,29870.13086,9133300
10/18/2019,30800,30850,30700,30800,30089.94336,8201700
10/21/2019,31000,31275,30925,31100,30383.02539,11994300
10/22/2019,31350,31500,31125,31500,30773.80469,13451900
10/23/2019,31500,31525,31300,31375,30651.6875,12443800
10/24/2019,31450,31600,31350,31500,30773.80469,14620200
10/25/2019,31600,31625,30875,31000,30285.33398,12385900
10/28/2019,31000,31250,31000,31025,30309.75586,8649900
10/29/2019,31025,31200,30750,31100,30383.02539,15972300
10/30/2019,31400,31425,31000,31325,30602.8418,12147600
10/31/2019,31350,31500,31250,31450,30724.95898,11684100
11/1/2019,31500,31625,31375,31625,30895.92383,8416100
11/4/2019,31750,31900,31300,31375,30651.6875,8758900
11/5/2019,31750,31800,31350,31800,31066.88867,13232300
11/6/2019,31900,31900,31475,31475,30749.38086,12678600
11/7/2019,31675,31675,31250,31425,30700.5332,12394400
11/8/2019,31575,31575,31250,31400,30676.11133,18008100
11/11/2019,31675,31700,31325,31475,30749.38086,14041400
11/12/2019,31100,31400,31100,31325,30602.8418,9527100
11/13/2019,31325,31425,31325,31400,30676.11133,8016700
11/14/2019,31325,31400,31050,31350,30627.26367,7572400
11/15/2019,31400,31450,31275,31375,30651.6875,9427600
11/18/2019,31225,31425,31050,31400,30676.11133,13119800
11/19/2019,31650,31750,31500,31575,30847.07813,12023000
11/20/2019,31275,31750,31275,31750,31018.04297,8645900
11/21/2019,31750,31750,31500,31500,30773.80469,11504700
11/22/2019,31400,31550,31350,31525,30798.23047,11207000
11/25/2019,31650,31675,31375,31375,30651.6875,11026700
11/26/2019,31650,31650,31350,31425,30700.5332,38556700
11/27/2019,31350,31500,31200,31500,30773.80469,11766700
11/28/2019,31475,31475,31225,31250,30529.56836,8849600
11/29/2019,31150,31475,31125,31400,30676.11133,10590900
12/2/2019,31400,32125,31350,32125,31384.39648,9981800
12/3/2019,32100,32100,31725,31875,31140.16016,8564600
12/4/2019,31800,32000,31775,31825,31091.3125,7510400
12/5/2019,31800,31925,31650,31700,30969.19336,10833600
12/6/2019,31700,31975,31600,31975,31336.70898,13984100
12/9/2019,31850,31975,31800,31975,31336.70898,10333500
12/10/2019,31975,32000,31800,31825,31189.70313,11530800
12/11/2019,31825,31925,31750,31900,31263.20508,9693800
12/12/2019,32000,32025,31700,31700,31067.19727,15839700
12/13/2019,31975,32100,31750,31800,31165.20117,14164500
12/16/2019,31700,31975,31700,31800,31165.20117,15736800
12/17/2019,31975,32500,31825,32500,31851.22852,20582900
12/18/2019,32500,34000,32200,33775,33100.77734,36360800
12/19/2019,33500,33600,32950,33000,32341.24609,14834200
12/20/2019,33400,33700,33050,33300,32635.25781,19890600
12/23/2019,33400,33650,33250,33300,32635.25781,9311700
12/26/2019,33300,33625,33300,33400,32733.26172,7637700
12/27/2019,33350,33500,33350,33475,32806.76563,5989000
12/30/2019,33400,33600,33350,33425,32757.76172,12233600
1/2/2020,33475,33900,33400,33450,32782.26563,9889000
1/3/2020,33750,34000,33625,34000,33321.28516,9551100
1/6/2020,33600,33750,33450,33675,33002.77344,5460000
1/7/2020,33675,33850,33650,33700,33027.27344,9004500
1/8/2020,33350,33725,33350,33400,32733.26172,10738500
1/9/2020,33700,33775,33650,33700,33027.27344,8072700
1/10/2020,33825,34125,33550,33625,32953.76953,14672400
1/13/2020,33700,33800,33675,33725,33051.77344,13571000
1/14/2020,33725,34425,33700,34350,33664.29688,18716400
1/15/2020,34350,35300,34000,34175,33492.79297,15124700
1/16/2020,34025,34450,33975,34250,33566.29297,17786300
1/17/2020,34200,34450,34000,34375,33688.80078,7649900
1/20/2020,34750,34875,34150,34175,33492.79297,18710900
1/21/2020,34425,34475,34125,34150,33468.28906,20796900
1/22/2020,34275,34475,34175,34200,33517.29297,18862300
1/23/2020,34425,34475,34150,34200,33517.29297,17545600
1/24/2020,34100,34400,34050,34050,33370.28516,13930700
1/27/2020,34325,34700,34075,34200,33517.29297,7935800
1/28/2020,34175,34225,33775,33950,33272.28125,16523000
1/29/2020,34000,34225,33850,33925,33247.78125,8764200
1/30/2020,34225,34225,33650,33700,33027.27344,14398000
1/31/2020,34000,34025,32400,32400,31753.22461,32627300
2/3/2020,32400,32925,31850,32200,31557.2168,29959400
2/4/2020,32850,33100,32600,33000,32341.24609,22663300
2/5/2020,33900,33900,33250,33650,32978.27344,24600500
2/6/2020,33700,33900,33400,33700,33027.27344,30938700
2/7/2020,33550,33900,33525,33800,33125.27734,16521800
2/10/2020,33800,33925,33150,33925,33247.78125,13315700
2/11/2020,33925,33925,33725,33900,33223.28125,15505300
2/12/2020,34000,34000,33800,34000,33321.28516,13994300
2/13/2020,34100,34100,33700,33950,33272.28125,9947400
2/14/2020,33900,33975,33375,33400,32733.26172,29405700
2/17/2020,33400,33750,33400,33600,32929.26953,23063800
2/18/2020,33425,33600,33350,33475,32806.76563,19687300
2/19/2020,33325,33800,33325,33475,32806.76563,14918800
2/20/2020,33450,33475,32825,32975,32316.74609,27344900
2/21/2020,33000,33300,32975,33075,32414.75,19652200
2/24/2020,32825,33000,32550,32625,31973.73242,16982000
2/25/2020,32750,32800,32550,32650,31998.23438,17289300
2/26/2020,32500,32675,32100,32100,31459.21289,18564900
2/27/2020,32350,32375,31000,31450,30822.1875,25850900
2/28/2020,31000,31450,30175,31450,30822.1875,33989300
3/2/2020,31450,31450,30175,30400,29793.14844,28974300
3/3/2020,31000,31750,31000,31600,30969.19336,22932700
3/4/2020,31575,32500,31300,32200,31557.2168,16605000
3/5/2020,32700,32700,31700,32175,31532.71484,15516600
3/6/2020,31750,31750,31000,31000,30381.17188,15567100
3/9/2020,30000,30200,28925,28925,28347.59375,28177900
3/10/2020,29200,30050,29200,29625,29033.61914,26733400
3/11/2020,29750,29900,28950,29250,28666.10547,18640900
3/12/2020,28000,28200,27300,27800,27245.05078,25969100
3/13/2020,27800,27800,27800,27800,27245.05078,0
3/16/2020,27800,27800,27800,27800,27245.05078,0
3/17/2020,27475,27525,25600,25600,25088.9668,42440000
3/18/2020,25600,26900,23825,25000,24500.94531,36010700
3/19/2020,24975,24975,23250,23250,22785.87891,52883800
3/20/2020,23000,26925,21625,23675,23202.39453,67026400
3/23/2020,23800,25000,22025,22150,21707.83789,43568700
3/24/2020,22250,24975,22250,22500,22050.84961,50794200
3/26/2020,23250,26975,23250,26400,25872.99805,66326600
3/27/2020,26800,29475,26775,27550,27000.04102,53936600
3/30/2020,27400,27775,25775,27475,26926.53906,31992900
3/31/2020,28300,28550,27425,27625,27073.54297,36527700
4/1/2020,27800,28750,27125,27400,26853.03516,30566300
4/2/2020,27350,27350,26800,27050,26510.02148,27324700
4/3/2020,27300,27650,26825,27475,26926.53906,22101200
4/6/2020,27600,28700,27475,28675,28102.58398,15636800
4/7/2020,28675,30500,27900,28275,27710.56836,29830700
4/8/2020,28275,28300,27400,28175,27612.56445,21222300
4/9/2020,28000,28475,27500,27975,27416.55664,17999400
4/13/2020,27700,28075,27400,27500,26951.03906,11608600
4/14/2020,27525,27950,27225,27575,27024.54102,19159200
4/15/2020,27575,28150,27225,27425,26877.53711,19068400
4/16/2020,27425,27600,25925,26200,25676.99023,35398100
4/17/2020,26500,27225,26400,27125,26583.52539,32187100
4/20/2020,27150,27500,26650,26775,26240.51172,18148800
4/21/2020,26775,26775,25800,25800,25722.08203,14686200
4/22/2020,25800,26175,25225,25725,25647.30859,21452700
4/23/2020,25900,26225,25600,25600,25522.6875,21083900
4/24/2020,25600,25700,24600,24600,24525.70703,26229900
4/27/2020,24700,25100,24275,24800,24725.10352,30220700
4/28/2020,24800,24875,24025,24150,24077.06641,36097600
4/29/2020,24125,24250,24000,24250,24176.76367,24232200
4/30/2020,24400,26250,24400,25850,25771.93164,34816200
5/4/2020,25750,26500,25000,26100,26021.17578,22899500
5/5/2020,26100,26700,26000,26425,26345.19531,23728700
5/6/2020,26575,26850,26500,26775,26694.13867,17279100
5/8/2020,26725,27000,25750,26225,26145.79883,24605600
5/11/2020,26225,26625,26225,26475,26395.04492,8123100
5/12/2020,26700,26700,25150,26100,26021.17578,23732000
5/13/2020,25800,25850,25425,25550,25472.83789,18994600
5/14/2020,25350,25550,24525,24600,24525.70703,26253600
5/15/2020,24600,24975,23400,23925,23852.74609,41158000
5/18/2020,24000,24225,23750,23825,23753.04688,27999500
5/19/2020,24200,24800,23400,23400,23329.33008,25700900
5/20/2020,23600,24000,23450,23825,23753.04688,23831600
5/26/2020,23875,25000,23875,24850,24774.95117,35215300
5/27/2020,24850,25000,24275,24825,24750.02734,30350700
5/28/2020,25000,26600,25000,26475,26395.04492,45846600
5/29/2020,26475,26475,25950,25950,25871.62891,79882800
6/2/2020,26300,27500,26200,26800,26719.0625,36273900
6/3/2020,27050,28900,27000,28900,28812.7207,55934700
6/4/2020,28900,29950,28000,28950,28862.57031,47231700
6/5/2020,28950,29275,27925,28625,28538.55078,17631500
6/8/2020,28775,29625,28775,29500,29410.9082,34711500
6/9/2020,29700,29975,28975,29025,28937.34375,20022000
6/10/2020,29000,29325,27975,29000,28912.41797,23076500
6/11/2020,28750,29050,28025,28400,28314.23047,17037500
6/12/2020,28400,28400,27400,28350,28264.38086,19208800
6/15/2020,28400,28550,27500,27500,27416.94922,20168900
6/16/2020,27900,28975,27900,28800,28713.02344,18303700
6/17/2020,29000,29000,28400,28600,28513.62695,15960000
6/18/2020,28600,28700,27925,27925,27840.66602,13606400
6/19/2020,28000,28250,27725,27875,27790.81641,22014200
6/22/2020,27975,28300,27650,27700,27616.34375,10318100
6/23/2020,27850,28300,27600,28100,28015.13672,13990800
6/24/2020,28250,28800,28200,28525,28438.85352,11466600
6/25/2020,28500,28725,28200,28625,28538.55078,10283000
6/26/2020,28600,28800,28200,28225,28139.75977,11493500
6/29/2020,28200,28475,27925,28375,28289.30664,9759300
6/30/2020,28500,28700,28300,28475,28389.00391,14894800
7/1/2020,28500,29000,28375,29000,28912.41797,12791800
7/2/2020,28875,29350,28800,29350,29261.36133,15117100
7/3/2020,29350,29525,29200,29350,29261.36133,10443800
7/6/2020,29300,29675,29250,29675,29585.38086,13560000
7/7/2020,29700,29975,29500,29950,29859.54883,14833600
7/8/2020,29950,31325,29900,31000,30906.37891,21288900
7/9/2020,31050,31200,30150,30500,30407.88867,18708700
7/10/2020,30500,31200,30400,31000,30906.37891,13444800
7/13/2020,31150,31200,30700,30875,30781.75586,17201200
7/14/2020,30875,31000,30550,31000,30906.37891,9123300
7/15/2020,31000,31200,30750,30750,30657.13281,12293600
7/16/2020,30750,31000,30700,30900,30806.67969,13304100
7/17/2020,30675,30900,30200,30600,30507.58594,14669600
7/20/2020,30600,30800,30300,30700,30607.28516,11958900
7/21/2020,30500,31175,30500,31000,30906.37891,16831900
7/22/2020,31050,31250,30650,30900,30806.67969,8945100
7/23/2020,30900,31075,30700,31000,30906.37891,16805300
7/24/2020,31000,31000,30500,30500,30407.88867,11673300
7/27/2020,30500,30700,30000,30500,30407.88867,8394500
7/28/2020,30600,31000,30300,30925,30831.60547,13055800
7/29/2020,30925,30925,30500,30675,30582.35938,10052500
7/30/2020,30675,31200,30275,31200,31105.77539,16106700
8/3/2020,31100,31175,29125,30650,30557.43555,27415800
8/4/2020,30775,31100,30650,31050,30956.22656,15871400
8/5/2020,31000,31100,30500,31025,30931.30273,9878600
8/6/2020,31075,31475,30925,31300,31205.47266,11051700
8/7/2020,31325,31425,30800,30900,30806.67969,8724200
8/10/2020,30900,31000,30525,30600,30507.58594,7554900
8/11/2020,30700,31000,30650,30875,30781.75586,7759100
8/12/2020,30875,31300,30800,31300,31205.47266,7122400
8/13/2020,31300,31500,30900,31500,31404.86914,9716200
8/14/2020,31500,32025,31200,32025,31928.2832,11463200
8/18/2020,32025,32125,31500,31800,31703.96289,16312700
8/19/2020,31800,32050,31550,31650,31554.41602,11758700
8/24/2020,31700,31900,31400,31575,31479.64258,13376500
8/25/2020,31600,31900,31525,31825,31728.88672,9842200
8/26/2020,31925,31950,31525,31700,31604.26367,8596600
8/27/2020,31825,33000,31700,33000,32900.33984,13665200
8/28/2020,32800,33000,32125,32475,32376.92383,10458500
8/31/2020,32500,32700,31375,31375,31280.24609,19406400
9/1/2020,31400,32600,31200,32600,32501.54688,13489200
9/2/2020,32600,32800,31825,32175,32077.83008,13213000
9/3/2020,32325,32500,31500,32500,32401.84766,13641700
9/4/2020,32250,32250,31325,31900,31803.66016,16122700
9/7/2020,31675,31800,31000,31425,31330.0957,12849900
9/8/2020,31425,31800,31425,31675,31579.33984,7929800
9/9/2020,31500,31600,31050,31225,31130.69922,9857000
9/10/2020,31100,31100,29050,29050,28962.26758,35147000
9/11/2020,29000,29875,28100,29525,29435.83398,80606500
9/14/2020,30000,30575,29925,30250,30158.64258,27623000
9/15/2020,30200,30500,29300,29300,29211.51172,34017400
9/16/2020,29300,29350,28725,28750,28663.17383,31713100
9/17/2020,28750,29275,28325,28775,28688.09766,27759200
9/18/2020,28500,28675,27850,28150,28064.98633,63382400
9/21/2020,28200,28675,27975,28025,27940.36328,22488600
9/22/2020,27600,27825,27150,27250,27167.70313,32688500
9/23/2020,27250,27925,27125,27525,27441.87305,20103400
9/24/2020,27150,27675,26950,27225,27142.7793,17723700
9/25/2020,27400,28125,27300,28050,27965.28711,20141000
9/28/2020,28250,28475,27500,27575,27491.72266,18704400
9/29/2020,27875,28175,27300,27525,27441.87305,23555700
9/30/2020,27825,27825,27100,27100,27018.15625,21475400
10/1/2020,27425,27850,27400,27850,27765.89258,11378600
10/2/2020,27800,27825,27200,27525,27441.87305,13369600
10/5/2020,27575,27800,27300,27600,27516.64648,11658200
10/6/2020,28150,28575,28000,28500,28413.92773,28391100
10/7/2020,28000,28775,27900,28775,28688.09766,17987500
10/8/2020,28950,29000,28550,28900,28812.7207,15476900
10/9/2020,28750,28875,28600,28875,28787.79688,10850100
10/12/2020,29200,29375,29150,29275,29186.58789,16583700
10/13/2020,29200,29300,28850,29275,29186.58789,9650100
10/14/2020,29200,29500,29050,29500,29410.9082,16623500
10/15/2020,29375,29400,28800,28925,28837.64453,16413400
10/16/2020,28925,28950,28650,28800,28713.02344,17810300
10/19/2020,28750,29500,28550,29500,29410.9082,11374300
10/20/2020,29400,29400,28925,29025,28937.34375,14999100
10/21/2020,29300,29325,28650,28900,28812.7207,15588800
10/22/2020,28700,29000,28525,29000,28912.41797,19374500
10/23/2020,29200,29200,28750,28850,28762.87109,13265600
10/26/2020,28625,29175,28625,29075,28987.19141,14090500
10/27/2020,29075,29150,28775,28950,28862.57031,17896400
11/2/2020,28800,29125,28600,29100,29012.11719,30201300
11/3/2020,29200,29475,29175,29450,29361.06055,15630400
11/4/2020,29500,29700,28925,29100,29012.11719,15725200
11/5/2020,29500,30900,29500,30750,30657.13281,32218000
11/6/2020,30800,31500,30300,31500,31404.86914,27460700
11/9/2020,31500,32000,31075,31425,31330.0957,16547900
11/10/2020,31975,33000,31900,32400,32302.15039,38214700
11/11/2020,32700,32825,32400,32700,32601.24414,26276700
11/12/2020,32050,32475,32025,32100,32003.05664,16616500
11/13/2020,32100,32250,31600,31950,31853.50977,16474900
11/16/2020,32425,32425,31925,32400,32302.15039,10981000
11/17/2020,32500,32825,32450,32750,32651.09375,23956800
11/18/2020,32750,32875,32700,32850,32750.79102,19957800
11/19/2020,32600,33200,32575,33075,32975.11328,29469300
11/20/2020,33200,33250,32750,33000,32900.33984,13693700
11/23/2020,33000,33050,32750,33000,32900.33984,15053100
11/24/2020,33000,33000,32725,32825,32725.86719,14469900
11/25/2020,32900,32925,31900,32050,31953.20703,34028100
11/26/2020,31750,32450,31500,32400,32302.15039,12867800
11/27/2020,32400,32450,31900,31925,31828.58594,17472300
11/30/2020,31925,32000,30675,31025,30931.30273,78618300
12/1/2020,31100,32175,31100,31975,31878.43359,22912700
12/2/2020,32300,32425,31700,32250,32152.60352,18779500
12/3/2020,32500,32625,32125,32300,32202.45313,19642000
12/4/2020,32300,32325,31800,31950,31853.50977,12999100
12/7/2020,32500,32900,32400,32600,32501.54688,19327200
12/8/2020,32600,32600,32125,32450,32352,14112300
12/10/2020,32950,33000,32700,32875,32875,30284100
12/11/2020,33000,33900,32975,33675,33675,42832000
12/14/2020,34000,34150,33975,34100,34100,35957100
12/15/2020,34150,34500,33025,33950,33950,32804900
12/16/2020,34300,34750,34200,34750,34750,27734800
12/17/2020,34825,35000,34100,34675,34675,18384000
12/18/2020,34675,34675,33775,34000,34000,29447700
12/21/2020,34450,34450,34000,34150,34150,18738500
12/22/2020,33700,34100,33550,33575,33575,12358100
12/23/2020,34525,34525,33100,33625,33625,15389600
12/28/2020,33950,34100,33300,33900,33900,12046800
12/29/2020,33875,34050,33700,33825,33825,6842500
12/30/2020,34000,34000,33500,33850,33850,10535100
1/4/2021,34000,34275,33600,34175,34175,9587400
1/5/2021,34300,35450,34250,35450,35450,20966200
1/6/2021,35250,35375,34400,34725,34725,17950700
1/7/2021,35000,35250,34550,34825,34825,14272000
1/8/2021,35175,35400,34875,35250,35250,15006700
1/11/2021,35750,36800,35725,36725,36725,33806900
1/12/2021,36725,36900,35800,35800,35800,19047000
1/13/2021,36225,36375,35350,35600,35600,15316300
1/14/2021,35250,35450,34975,35100,35100,17863900
1/15/2021,35475,35500,34200,34775,34775,17970700
1/18/2021,34775,35625,34225,35600,35600,17268600
1/19/2021,35600,35600,35025,35475,35475,14755400
1/20/2021,35825,36475,35350,35475,35475,21443200
1/21/2021,36400,36500,35300,35375,35375,13285600
1/22/2021,35375,35800,35375,35400,35400,16165800
1/25/2021,36000,36000,35000,35175,35175,15367300
1/26/2021,34775,35000,34100,34100,34100,19731600
1/27/2021,34100,34650,33525,33950,33950,19584000
1/28/2021,33950,34625,33950,34500,34500,20925400
1/29/2021,34500,35000,33800,33800,33800,26552500
2/1/2021,33800,34600,32975,34100,34100,22625800
2/2/2021,34825,34900,34000,34000,34000,17348200
2/3/2021,35000,35000,34125,34125,34125,13458200
2/4/2021,34600,35000,34175,34275,34275,16190100
2/5/2021,34350,34750,34275,34575,34575,10320400
2/8/2021,35250,35275,34400,34600,34600,9120800
2/9/2021,35000,35150,34775,34900,34900,15114800
2/10/2021,35250,35250,34500,34600,34600,8996900
2/11/2021,34925,34925,34200,34400,34400,7385200
2/15/2021,34150,34450,33600,34000,34000,16784400
2/16/2021,34400,34725,34150,34700,34700,9444200
2/17/2021,34450,34800,34250,34500,34500,13202300
2/18/2021,34250,34500,33675,33675,33675,18240800
2/19/2021,33900,34250,33800,34125,34125,14097500
2/22/2021,34500,34700,33950,33950,33950,13782600
2/23/2021,34100,34225,33875,34125,34125,11672000
2/24/2021,34125,34175,33625,33625,33625,14373800
2/25/2021,33700,33850,33400,33525,33525,15737600
2/26/2021,33525,34050,33225,33550,33550,34726300
